<?xml version="1.0" encoding="UTF-8"?>
<!DOCTYPE suite SYSTEM "https://testng.org/testng-1.0.dtd">
<suite name="Suite" parallel = "methods" >

  <test thread-count="5" name="Test">
  <parameter name="browser" value="chrome"/>
    <classes>
      <class name="TestCases.register"/>
      <class name="SpiceJet.Spicejet.TC1"/>
      <class name="PageObjects.CorperateTravell"/>
      <class name="PageObjects.Cargo"/>
      <class name="PageObjects.TC1"/>
      <class name="PageObjects.SpiceClub"/>
      <class name="PageObjects.Add_ON"/>
      <class name="pageObjectsDemosite.Demo4"/>
      <class name="pageObjectsDemosite.DemoTest1"/>
      <class name="pageObjectsDemosite.Demo5"/>
      <class name="TestCases.TC_more03"/>
      <class name="pageObjectsDemosite.Demo6"/>
      <class name="pageObjectsDemosite.Demo7"/>
      <class name="PageObjects.GiftCard"/>
      <class name="SpiceJet.Spicejet.AppTest"/>
      <class name="pageObjectsDemosite.Demo3"/>
      <class name="TestCases.TC5_WebTable"/>
      <class name="pageObjectsDemosite.DemoTest2"/>
      <class name="TestCases.TC2_Instractions"/>
      <class name="TestCases.TC_006_Widgets"/>
      <class name="TestCases.TC04_SwitchTo"/>
      <class name="TestCases.TC_007_WYSIWYG"/>
    </classes>
  </test> <!-- Test -->
</suite> <!-- Suite -->
